{
  "nodeLayouts": {
    "echo_my_prompt": {
      "x": -35.2474365234375,
      "y": 181.52996063232422,
      "index": -1
    },
    "hello_prompt": {
      "x": -39.8111572265625,
      "y": 93.19009399414062,
      "index": -1
    },
    "outputs": {
      "x": 13.3658447265625,
      "y": 425.88543701171875,
      "index": -1
    },
    "inputs": {
      "x": 0,
      "y": 0,
      "index": -1
    },
    "math_planner": {
      "x": -67.90042114257812,
      "y": 207.26559448242188,
      "index": 0
    }
  },
  "orientation": "Vertical"
}