{
  "nodeLayouts": {
    "echo_my_prompt": {
      "x": -35.2474365234375,
      "y": 181.52996063232422,
      "index": -1
    },
    "hello_prompt": {
      "x": -39.8111572265625,
      "y": 93.19009399414062,
      "index": -1
    },
    "outputs": {
      "x": 14.4986572265625,
      "y": 208.43099975585938,
      "index": -1
    },
    "inputs": {
      "x": 0,
      "y": 0,
      "index": -1
    },
    "math_planner": {
      "x": -47.386077880859375,
      "y": 79.46612548828125,
      "index": 0
    }
  },
  "orientation": "Vertical"
}